id,domain,intent,english,hindi,source_type
"001","FINANCIAL","Loan Amount","The lender approves a principal loan amount of INR 5,00,000 for Aarav Mehta.","ऋणदाता आरव मेहता के लिए 5,00,000 रुपये की मूल ऋण राशि स्वीकृत करता है।","synthetic_curated"
"002","FINANCIAL","Loan Amount","The lender approves a principal loan amount of INR 7,50,000 for Priya Kapoor.","ऋणदाता प्रिया कपूर के लिए 7,50,000 रुपये की मूल ऋण राशि स्वीकृत करता है।","synthetic_curated"
"003","FINANCIAL","Loan Amount","The lender approves a principal loan amount of INR 3,25,000 for Rohan Sharma.","ऋणदाता रोहन शर्मा के लिए 3,25,000 रुपये की मूल ऋण राशि स्वीकृत करता है।","synthetic_curated"
"004","FINANCIAL","Loan Amount","The lender approves a principal loan amount of INR 10,00,000 for Neha Iyer.","ऋणदाता नेहा अय्यर के लिए 10,00,000 रुपये की मूल ऋण राशि स्वीकृत करता है।","synthetic_curated"
"005","FINANCIAL","Loan Amount","The lender approves a principal loan amount of INR 6,00,000 for Kabir Singh.","ऋणदाता कबीर सिंह के लिए 6,00,000 रुपये की मूल ऋण राशि स्वीकृत करता है।","synthetic_curated"
"006","FINANCIAL","Interest Rate","Interest will be charged at a fixed annual rate of 9.50%.","ब्याज 9.50% की निश्चित वार्षिक दर से लिया जाएगा।","synthetic_curated"
"007","FINANCIAL","Interest Rate","Interest will be charged at a fixed annual rate of 10.25%.","ब्याज 10.25% की निश्चित वार्षिक दर से लिया जाएगा।","synthetic_curated"
"008","FINANCIAL","Interest Rate","Interest will be charged at a fixed annual rate of 8.75%.","ब्याज 8.75% की निश्चित वार्षिक दर से लिया जाएगा।","synthetic_curated"
"009","FINANCIAL","Interest Rate","Interest will be charged at a fixed annual rate of 11.00%.","ब्याज 11.00% की निश्चित वार्षिक दर से लिया जाएगा।","synthetic_curated"
"010","FINANCIAL","Interest Rate","Interest will be charged at a fixed annual rate of 9.90%.","ब्याज 9.90% की निश्चित वार्षिक दर से लिया जाएगा।","synthetic_curated"
"011","FINANCIAL","Tenure","The loan will be repaid over 36 months.","ऋण का पुनर्भुगतान 36 महीनों में किया जाएगा।","synthetic_curated"
"012","FINANCIAL","Tenure","The loan will be repaid over 48 months.","ऋण का पुनर्भुगतान 48 महीनों में किया जाएगा।","synthetic_curated"
"013","FINANCIAL","Tenure","The loan will be repaid over 24 months.","ऋण का पुनर्भुगतान 24 महीनों में किया जाएगा।","synthetic_curated"
"014","FINANCIAL","Tenure","The loan will be repaid over 60 months.","ऋण का पुनर्भुगतान 60 महीनों में किया जाएगा।","synthetic_curated"
"015","FINANCIAL","Tenure","The loan will be repaid over 42 months.","ऋण का पुनर्भुगतान 42 महीनों में किया जाएगा।","synthetic_curated"
"016","FINANCIAL","Due Date","The next instalment is due on 5 November 2026.","अगली किस्त 5 नवंबर 2026 को देय है।","synthetic_curated"
"017","FINANCIAL","Due Date","The next instalment is due on 12 December 2026.","अगली किस्त 12 दिसंबर 2026 को देय है।","synthetic_curated"
"018","FINANCIAL","Due Date","The next instalment is due on 20 January 2027.","अगली किस्त 20 जनवरी 2027 को देय है।","synthetic_curated"
"019","FINANCIAL","Due Date","The next instalment is due on 1 February 2027.","अगली किस्त 1 फरवरी 2027 को देय है।","synthetic_curated"
"020","FINANCIAL","Due Date","The next instalment is due on 15 March 2027.","अगली किस्त 15 मार्च 2027 को देय है।","synthetic_curated"
"021","FINANCIAL","Late Fee","A late-payment charge of INR 500 may apply after the permitted grace period.","अनुमत छूट अवधि के बाद 500 रुपये का विलंब भुगतान शुल्क लगाया जा सकता है।","synthetic_curated"
"022","FINANCIAL","Late Fee","A late-payment charge of INR 750 may apply after the permitted grace period.","अनुमत छूट अवधि के बाद 750 रुपये का विलंब भुगतान शुल्क लगाया जा सकता है।","synthetic_curated"
"023","FINANCIAL","Late Fee","A late-payment charge of INR 400 may apply after the permitted grace period.","अनुमत छूट अवधि के बाद 400 रुपये का विलंब भुगतान शुल्क लगाया जा सकता है।","synthetic_curated"
"024","FINANCIAL","Late Fee","A late-payment charge of INR 1,000 may apply after the permitted grace period.","अनुमत छूट अवधि के बाद 1,000 रुपये का विलंब भुगतान शुल्क लगाया जा सकता है।","synthetic_curated"
"025","FINANCIAL","Late Fee","A late-payment charge of INR 600 may apply after the permitted grace period.","अनुमत छूट अवधि के बाद 600 रुपये का विलंब भुगतान शुल्क लगाया जा सकता है।","synthetic_curated"
"026","FINANCIAL","Disbursement","The approved amount will be transferred to Aarav Mehta's registered bank account.","स्वीकृत राशि आरव मेहता के पंजीकृत बैंक खाते में स्थानांतरित की जाएगी।","synthetic_curated"
"027","FINANCIAL","Disbursement","The approved amount will be transferred to Priya Kapoor's registered bank account.","स्वीकृत राशि प्रिया कपूर के पंजीकृत बैंक खाते में स्थानांतरित की जाएगी।","synthetic_curated"
"028","FINANCIAL","Disbursement","The approved amount will be transferred to Rohan Sharma's registered bank account.","स्वीकृत राशि रोहन शर्मा के पंजीकृत बैंक खाते में स्थानांतरित की जाएगी।","synthetic_curated"
"029","FINANCIAL","Disbursement","The approved amount will be transferred to Neha Iyer's registered bank account.","स्वीकृत राशि नेहा अय्यर के पंजीकृत बैंक खाते में स्थानांतरित की जाएगी।","synthetic_curated"
"030","FINANCIAL","Disbursement","The approved amount will be transferred to Kabir Singh's registered bank account.","स्वीकृत राशि कबीर सिंह के पंजीकृत बैंक खाते में स्थानांतरित की जाएगी।","synthetic_curated"
"031","FINANCIAL","Prepayment","The borrower may request full or partial prepayment after six completed instalments.","उधारकर्ता छह किस्तें पूरी होने के बाद पूर्ण या आंशिक पूर्व-भुगतान का अनुरोध कर सकता है।","synthetic_curated"
"032","FINANCIAL","Prepayment","The borrower may request full or partial prepayment after six completed instalments.","उधारकर्ता छह किस्तें पूरी होने के बाद पूर्ण या आंशिक पूर्व-भुगतान का अनुरोध कर सकता है।","synthetic_curated"
"033","FINANCIAL","Prepayment","The borrower may request full or partial prepayment after six completed instalments.","उधारकर्ता छह किस्तें पूरी होने के बाद पूर्ण या आंशिक पूर्व-भुगतान का अनुरोध कर सकता है।","synthetic_curated"
"034","FINANCIAL","Prepayment","The borrower may request full or partial prepayment after six completed instalments.","उधारकर्ता छह किस्तें पूरी होने के बाद पूर्ण या आंशिक पूर्व-भुगतान का अनुरोध कर सकता है।","synthetic_curated"
"035","FINANCIAL","Prepayment","The borrower may request full or partial prepayment after six completed instalments.","उधारकर्ता छह किस्तें पूरी होने के बाद पूर्ण या आंशिक पूर्व-भुगतान का अनुरोध कर सकता है।","synthetic_curated"
"036","FINANCIAL","Statement","Sunrise Finance Limited will issue an account statement without charge upon request.","सनराइज फाइनेंस लिमिटेड अनुरोध करने पर बिना शुल्क के खाता विवरण जारी करेगा।","synthetic_curated"
"037","FINANCIAL","Statement","Civic Bank Limited will issue an account statement without charge upon request.","सिविक बैंक लिमिटेड अनुरोध करने पर बिना शुल्क के खाता विवरण जारी करेगा।","synthetic_curated"
"038","FINANCIAL","Statement","National Credit Services will issue an account statement without charge upon request.","नेशनल क्रेडिट सर्विसेज अनुरोध करने पर बिना शुल्क के खाता विवरण जारी करेगा।","synthetic_curated"
"039","FINANCIAL","Statement","Reliable Capital Private Limited will issue an account statement without charge upon request.","रिलायबल कैपिटल प्राइवेट लिमिटेड अनुरोध करने पर बिना शुल्क के खाता विवरण जारी करेगा।","synthetic_curated"
"040","FINANCIAL","Statement","Community Lending Corporation will issue an account statement without charge upon request.","कम्युनिटी लेंडिंग कॉरपोरेशन अनुरोध करने पर बिना शुल्क के खाता विवरण जारी करेगा।","synthetic_curated"
"041","FINANCIAL","Minimum Balance","A minimum average balance of INR 500 must be maintained in the account.","खाते में कम से कम 500 रुपये का औसत शेष बनाए रखना आवश्यक है।","synthetic_curated"
"042","FINANCIAL","Minimum Balance","A minimum average balance of INR 750 must be maintained in the account.","खाते में कम से कम 750 रुपये का औसत शेष बनाए रखना आवश्यक है।","synthetic_curated"
"043","FINANCIAL","Minimum Balance","A minimum average balance of INR 400 must be maintained in the account.","खाते में कम से कम 400 रुपये का औसत शेष बनाए रखना आवश्यक है।","synthetic_curated"
"044","FINANCIAL","Minimum Balance","A minimum average balance of INR 1,000 must be maintained in the account.","खाते में कम से कम 1,000 रुपये का औसत शेष बनाए रखना आवश्यक है।","synthetic_curated"
"045","FINANCIAL","Minimum Balance","A minimum average balance of INR 600 must be maintained in the account.","खाते में कम से कम 600 रुपये का औसत शेष बनाए रखना आवश्यक है।","synthetic_curated"
"046","FINANCIAL","Transaction Dispute","An unauthorised transaction must be reported within 30 days of the statement date.","अनधिकृत लेनदेन की सूचना विवरण तिथि से 30 दिनों के भीतर देनी होगी।","synthetic_curated"
"047","FINANCIAL","Transaction Dispute","An unauthorised transaction must be reported within 15 days of the statement date.","अनधिकृत लेनदेन की सूचना विवरण तिथि से 15 दिनों के भीतर देनी होगी।","synthetic_curated"
"048","FINANCIAL","Transaction Dispute","An unauthorised transaction must be reported within 45 days of the statement date.","अनधिकृत लेनदेन की सूचना विवरण तिथि से 45 दिनों के भीतर देनी होगी।","synthetic_curated"
"049","FINANCIAL","Transaction Dispute","An unauthorised transaction must be reported within 60 days of the statement date.","अनधिकृत लेनदेन की सूचना विवरण तिथि से 60 दिनों के भीतर देनी होगी।","synthetic_curated"
"050","FINANCIAL","Transaction Dispute","An unauthorised transaction must be reported within 21 days of the statement date.","अनधिकृत लेनदेन की सूचना विवरण तिथि से 21 दिनों के भीतर देनी होगी।","synthetic_curated"
"051","FINANCIAL","Tax","Interest credited by Sunrise Finance Limited is subject to applicable tax rules.","सनराइज फाइनेंस लिमिटेड द्वारा जमा किया गया ब्याज लागू कर नियमों के अधीन है।","synthetic_curated"
"052","FINANCIAL","Tax","Interest credited by Civic Bank Limited is subject to applicable tax rules.","सिविक बैंक लिमिटेड द्वारा जमा किया गया ब्याज लागू कर नियमों के अधीन है।","synthetic_curated"
"053","FINANCIAL","Tax","Interest credited by National Credit Services is subject to applicable tax rules.","नेशनल क्रेडिट सर्विसेज द्वारा जमा किया गया ब्याज लागू कर नियमों के अधीन है।","synthetic_curated"
"054","FINANCIAL","Tax","Interest credited by Reliable Capital Private Limited is subject to applicable tax rules.","रिलायबल कैपिटल प्राइवेट लिमिटेड द्वारा जमा किया गया ब्याज लागू कर नियमों के अधीन है।","synthetic_curated"
"055","FINANCIAL","Tax","Interest credited by Community Lending Corporation is subject to applicable tax rules.","कम्युनिटी लेंडिंग कॉरपोरेशन द्वारा जमा किया गया ब्याज लागू कर नियमों के अधीन है।","synthetic_curated"
"056","FINANCIAL","Repayment Method","Payments must be made through the repayment method registered with Sunrise Finance Limited.","भुगतान सनराइज फाइनेंस लिमिटेड के पास पंजीकृत पुनर्भुगतान माध्यम से किया जाना चाहिए।","synthetic_curated"
"057","FINANCIAL","Repayment Method","Payments must be made through the repayment method registered with Civic Bank Limited.","भुगतान सिविक बैंक लिमिटेड के पास पंजीकृत पुनर्भुगतान माध्यम से किया जाना चाहिए।","synthetic_curated"
"058","FINANCIAL","Repayment Method","Payments must be made through the repayment method registered with National Credit Services.","भुगतान नेशनल क्रेडिट सर्विसेज के पास पंजीकृत पुनर्भुगतान माध्यम से किया जाना चाहिए।","synthetic_curated"
"059","FINANCIAL","Repayment Method","Payments must be made through the repayment method registered with Reliable Capital Private Limited.","भुगतान रिलायबल कैपिटल प्राइवेट लिमिटेड के पास पंजीकृत पुनर्भुगतान माध्यम से किया जाना चाहिए।","synthetic_curated"
"060","FINANCIAL","Repayment Method","Payments must be made through the repayment method registered with Community Lending Corporation.","भुगतान कम्युनिटी लेंडिंग कॉरपोरेशन के पास पंजीकृत पुनर्भुगतान माध्यम से किया जाना चाहिए।","synthetic_curated"
"061","FINANCIAL","Default","Failure to pay two consecutive instalments may constitute an event of default.","लगातार दो किस्तों का भुगतान न करना चूक की घटना माना जा सकता है।","synthetic_curated"
"062","FINANCIAL","Default","Failure to pay two consecutive instalments may constitute an event of default.","लगातार दो किस्तों का भुगतान न करना चूक की घटना माना जा सकता है।","synthetic_curated"
"063","FINANCIAL","Default","Failure to pay two consecutive instalments may constitute an event of default.","लगातार दो किस्तों का भुगतान न करना चूक की घटना माना जा सकता है।","synthetic_curated"
"064","FINANCIAL","Default","Failure to pay two consecutive instalments may constitute an event of default.","लगातार दो किस्तों का भुगतान न करना चूक की घटना माना जा सकता है।","synthetic_curated"
"065","FINANCIAL","Default","Failure to pay two consecutive instalments may constitute an event of default.","लगातार दो किस्तों का भुगतान न करना चूक की घटना माना जा सकता है।","synthetic_curated"
"066","FINANCIAL","Recovery","After default, Sunrise Finance Limited may demand the outstanding balance and lawful charges.","चूक के बाद सनराइज फाइनेंस लिमिटेड बकाया राशि और वैध शुल्क की मांग कर सकता है।","synthetic_curated"
"067","FINANCIAL","Recovery","After default, Civic Bank Limited may demand the outstanding balance and lawful charges.","चूक के बाद सिविक बैंक लिमिटेड बकाया राशि और वैध शुल्क की मांग कर सकता है।","synthetic_curated"
"068","FINANCIAL","Recovery","After default, National Credit Services may demand the outstanding balance and lawful charges.","चूक के बाद नेशनल क्रेडिट सर्विसेज बकाया राशि और वैध शुल्क की मांग कर सकता है।","synthetic_curated"
"069","FINANCIAL","Recovery","After default, Reliable Capital Private Limited may demand the outstanding balance and lawful charges.","चूक के बाद रिलायबल कैपिटल प्राइवेट लिमिटेड बकाया राशि और वैध शुल्क की मांग कर सकता है।","synthetic_curated"
"070","FINANCIAL","Recovery","After default, Community Lending Corporation may demand the outstanding balance and lawful charges.","चूक के बाद कम्युनिटी लेंडिंग कॉरपोरेशन बकाया राशि और वैध शुल्क की मांग कर सकता है।","synthetic_curated"
"071","FINANCIAL","Privacy","Sunrise Finance Limited may process personal data for servicing, fraud prevention and regulatory compliance.","सनराइज फाइनेंस लिमिटेड सेवा, धोखाधड़ी रोकथाम और नियामकीय अनुपालन के लिए व्यक्तिगत डेटा संसाधित कर सकता है।","synthetic_curated"
"072","FINANCIAL","Privacy","Civic Bank Limited may process personal data for servicing, fraud prevention and regulatory compliance.","सिविक बैंक लिमिटेड सेवा, धोखाधड़ी रोकथाम और नियामकीय अनुपालन के लिए व्यक्तिगत डेटा संसाधित कर सकता है।","synthetic_curated"
"073","FINANCIAL","Privacy","National Credit Services may process personal data for servicing, fraud prevention and regulatory compliance.","नेशनल क्रेडिट सर्विसेज सेवा, धोखाधड़ी रोकथाम और नियामकीय अनुपालन के लिए व्यक्तिगत डेटा संसाधित कर सकता है।","synthetic_curated"
"074","FINANCIAL","Privacy","Reliable Capital Private Limited may process personal data for servicing, fraud prevention and regulatory compliance.","रिलायबल कैपिटल प्राइवेट लिमिटेड सेवा, धोखाधड़ी रोकथाम और नियामकीय अनुपालन के लिए व्यक्तिगत डेटा संसाधित कर सकता है।","synthetic_curated"
"075","FINANCIAL","Privacy","Community Lending Corporation may process personal data for servicing, fraud prevention and regulatory compliance.","कम्युनिटी लेंडिंग कॉरपोरेशन सेवा, धोखाधड़ी रोकथाम और नियामकीय अनुपालन के लिए व्यक्तिगत डेटा संसाधित कर सकता है।","synthetic_curated"
"076","FINANCIAL","Credit Reporting","Accurate repayment information may be reported to authorised credit information companies.","सही पुनर्भुगतान जानकारी अधिकृत क्रेडिट सूचना कंपनियों को दी जा सकती है।","synthetic_curated"
"077","FINANCIAL","Credit Reporting","Accurate repayment information may be reported to authorised credit information companies.","सही पुनर्भुगतान जानकारी अधिकृत क्रेडिट सूचना कंपनियों को दी जा सकती है।","synthetic_curated"
"078","FINANCIAL","Credit Reporting","Accurate repayment information may be reported to authorised credit information companies.","सही पुनर्भुगतान जानकारी अधिकृत क्रेडिट सूचना कंपनियों को दी जा सकती है।","synthetic_curated"
"079","FINANCIAL","Credit Reporting","Accurate repayment information may be reported to authorised credit information companies.","सही पुनर्भुगतान जानकारी अधिकृत क्रेडिट सूचना कंपनियों को दी जा सकती है।","synthetic_curated"
"080","FINANCIAL","Credit Reporting","Accurate repayment information may be reported to authorised credit information companies.","सही पुनर्भुगतान जानकारी अधिकृत क्रेडिट सूचना कंपनियों को दी जा सकती है।","synthetic_curated"
"081","FINANCIAL","Receipt","Aarav Mehta may request a payment receipt without additional charge.","आरव मेहता बिना अतिरिक्त शुल्क के भुगतान रसीद का अनुरोध कर सकते हैं।","synthetic_curated"
"082","FINANCIAL","Receipt","Priya Kapoor may request a payment receipt without additional charge.","प्रिया कपूर बिना अतिरिक्त शुल्क के भुगतान रसीद का अनुरोध कर सकते हैं।","synthetic_curated"
"083","FINANCIAL","Receipt","Rohan Sharma may request a payment receipt without additional charge.","रोहन शर्मा बिना अतिरिक्त शुल्क के भुगतान रसीद का अनुरोध कर सकते हैं।","synthetic_curated"
"084","FINANCIAL","Receipt","Neha Iyer may request a payment receipt without additional charge.","नेहा अय्यर बिना अतिरिक्त शुल्क के भुगतान रसीद का अनुरोध कर सकते हैं।","synthetic_curated"
"085","FINANCIAL","Receipt","Kabir Singh may request a payment receipt without additional charge.","कबीर सिंह बिना अतिरिक्त शुल्क के भुगतान रसीद का अनुरोध कर सकते हैं।","synthetic_curated"
"086","FINANCIAL","Processing Fee","A processing fee of INR 500 will be deducted before disbursement.","वितरण से पहले 500 रुपये का प्रसंस्करण शुल्क काटा जाएगा।","synthetic_curated"
"087","FINANCIAL","Processing Fee","A processing fee of INR 750 will be deducted before disbursement.","वितरण से पहले 750 रुपये का प्रसंस्करण शुल्क काटा जाएगा।","synthetic_curated"
"088","FINANCIAL","Processing Fee","A processing fee of INR 400 will be deducted before disbursement.","वितरण से पहले 400 रुपये का प्रसंस्करण शुल्क काटा जाएगा।","synthetic_curated"
"089","FINANCIAL","Processing Fee","A processing fee of INR 1,000 will be deducted before disbursement.","वितरण से पहले 1,000 रुपये का प्रसंस्करण शुल्क काटा जाएगा।","synthetic_curated"
"090","FINANCIAL","Processing Fee","A processing fee of INR 600 will be deducted before disbursement.","वितरण से पहले 600 रुपये का प्रसंस्करण शुल्क काटा जाएगा।","synthetic_curated"
"091","FINANCIAL","Annual Review","The interest rate and repayment status will be reviewed on 5 November 2026.","ब्याज दर और पुनर्भुगतान स्थिति की समीक्षा 5 नवंबर 2026 को की जाएगी।","synthetic_curated"
"092","FINANCIAL","Annual Review","The interest rate and repayment status will be reviewed on 12 December 2026.","ब्याज दर और पुनर्भुगतान स्थिति की समीक्षा 12 दिसंबर 2026 को की जाएगी।","synthetic_curated"
"093","FINANCIAL","Annual Review","The interest rate and repayment status will be reviewed on 20 January 2027.","ब्याज दर और पुनर्भुगतान स्थिति की समीक्षा 20 जनवरी 2027 को की जाएगी।","synthetic_curated"
"094","FINANCIAL","Annual Review","The interest rate and repayment status will be reviewed on 1 February 2027.","ब्याज दर और पुनर्भुगतान स्थिति की समीक्षा 1 फरवरी 2027 को की जाएगी।","synthetic_curated"
"095","FINANCIAL","Annual Review","The interest rate and repayment status will be reviewed on 15 March 2027.","ब्याज दर और पुनर्भुगतान स्थिति की समीक्षा 15 मार्च 2027 को की जाएगी।","synthetic_curated"
"096","FINANCIAL","Customer Support","Questions about the account may be submitted to Sunrise Finance Limited in writing.","खाते से संबंधित प्रश्न सनराइज फाइनेंस लिमिटेड को लिखित रूप में भेजे जा सकते हैं।","synthetic_curated"
"097","FINANCIAL","Customer Support","Questions about the account may be submitted to Civic Bank Limited in writing.","खाते से संबंधित प्रश्न सिविक बैंक लिमिटेड को लिखित रूप में भेजे जा सकते हैं।","synthetic_curated"
"098","FINANCIAL","Customer Support","Questions about the account may be submitted to National Credit Services in writing.","खाते से संबंधित प्रश्न नेशनल क्रेडिट सर्विसेज को लिखित रूप में भेजे जा सकते हैं।","synthetic_curated"
"099","FINANCIAL","Customer Support","Questions about the account may be submitted to Reliable Capital Private Limited in writing.","खाते से संबंधित प्रश्न रिलायबल कैपिटल प्राइवेट लिमिटेड को लिखित रूप में भेजे जा सकते हैं।","synthetic_curated"
"100","FINANCIAL","Customer Support","Questions about the account may be submitted to Community Lending Corporation in writing.","खाते से संबंधित प्रश्न कम्युनिटी लेंडिंग कॉरपोरेशन को लिखित रूप में भेजे जा सकते हैं।","synthetic_curated"
"101","LEGAL","Parties","This agreement is entered into between Aarav Mehta and Sunrise Finance Limited.","यह समझौता आरव मेहता और सनराइज फाइनेंस लिमिटेड के बीच किया गया है।","synthetic_curated"
"102","LEGAL","Parties","This agreement is entered into between Priya Kapoor and Civic Bank Limited.","यह समझौता प्रिया कपूर और सिविक बैंक लिमिटेड के बीच किया गया है।","synthetic_curated"
"103","LEGAL","Parties","This agreement is entered into between Rohan Sharma and National Credit Services.","यह समझौता रोहन शर्मा और नेशनल क्रेडिट सर्विसेज के बीच किया गया है।","synthetic_curated"
"104","LEGAL","Parties","This agreement is entered into between Neha Iyer and Reliable Capital Private Limited.","यह समझौता नेहा अय्यर और रिलायबल कैपिटल प्राइवेट लिमिटेड के बीच किया गया है।","synthetic_curated"
"105","LEGAL","Parties","This agreement is entered into between Kabir Singh and Community Lending Corporation.","यह समझौता कबीर सिंह और कम्युनिटी लेंडिंग कॉरपोरेशन के बीच किया गया है।","synthetic_curated"
"106","LEGAL","Governing Law","This agreement is governed by the laws applicable in Maharashtra, India.","यह समझौता भारत के महाराष्ट्र में लागू कानूनों द्वारा शासित होगा।","synthetic_curated"
"107","LEGAL","Governing Law","This agreement is governed by the laws applicable in Maharashtra, India.","यह समझौता भारत के महाराष्ट्र में लागू कानूनों द्वारा शासित होगा।","synthetic_curated"
"108","LEGAL","Governing Law","This agreement is governed by the laws applicable in Delhi, India.","यह समझौता भारत के दिल्ली में लागू कानूनों द्वारा शासित होगा।","synthetic_curated"
"109","LEGAL","Governing Law","This agreement is governed by the laws applicable in Karnataka, India.","यह समझौता भारत के कर्नाटक में लागू कानूनों द्वारा शासित होगा।","synthetic_curated"
"110","LEGAL","Governing Law","This agreement is governed by the laws applicable in Rajasthan, India.","यह समझौता भारत के राजस्थान में लागू कानूनों द्वारा शासित होगा।","synthetic_curated"
"111","LEGAL","Jurisdiction","Courts at Mumbai, Maharashtra have jurisdiction where legally permitted.","जहाँ कानूनन अनुमति हो, वहाँ मुंबई, महाराष्ट्र के न्यायालयों को अधिकार-क्षेत्र प्राप्त होगा।","synthetic_curated"
"112","LEGAL","Jurisdiction","Courts at Pune, Maharashtra have jurisdiction where legally permitted.","जहाँ कानूनन अनुमति हो, वहाँ पुणे, महाराष्ट्र के न्यायालयों को अधिकार-क्षेत्र प्राप्त होगा।","synthetic_curated"
"113","LEGAL","Jurisdiction","Courts at Delhi, Delhi have jurisdiction where legally permitted.","जहाँ कानूनन अनुमति हो, वहाँ दिल्ली, दिल्ली के न्यायालयों को अधिकार-क्षेत्र प्राप्त होगा।","synthetic_curated"
"114","LEGAL","Jurisdiction","Courts at Bengaluru, Karnataka have jurisdiction where legally permitted.","जहाँ कानूनन अनुमति हो, वहाँ बेंगलुरु, कर्नाटक के न्यायालयों को अधिकार-क्षेत्र प्राप्त होगा।","synthetic_curated"
"115","LEGAL","Jurisdiction","Courts at Jaipur, Rajasthan have jurisdiction where legally permitted.","जहाँ कानूनन अनुमति हो, वहाँ जयपुर, राजस्थान के न्यायालयों को अधिकार-क्षेत्र प्राप्त होगा।","synthetic_curated"
"116","LEGAL","Termination","Either party may terminate this agreement by giving 30 days prior written notice.","कोई भी पक्ष 30 दिन पहले लिखित सूचना देकर इस समझौते को समाप्त कर सकता है।","synthetic_curated"
"117","LEGAL","Termination","Either party may terminate this agreement by giving 15 days prior written notice.","कोई भी पक्ष 15 दिन पहले लिखित सूचना देकर इस समझौते को समाप्त कर सकता है।","synthetic_curated"
"118","LEGAL","Termination","Either party may terminate this agreement by giving 45 days prior written notice.","कोई भी पक्ष 45 दिन पहले लिखित सूचना देकर इस समझौते को समाप्त कर सकता है।","synthetic_curated"
"119","LEGAL","Termination","Either party may terminate this agreement by giving 60 days prior written notice.","कोई भी पक्ष 60 दिन पहले लिखित सूचना देकर इस समझौते को समाप्त कर सकता है।","synthetic_curated"
"120","LEGAL","Termination","Either party may terminate this agreement by giving 21 days prior written notice.","कोई भी पक्ष 21 दिन पहले लिखित सूचना देकर इस समझौते को समाप्त कर सकता है।","synthetic_curated"
"121","LEGAL","Notice","All notices must be delivered in writing to the registered address of each party.","सभी सूचनाएँ प्रत्येक पक्ष के पंजीकृत पते पर लिखित रूप में भेजी जानी चाहिए।","synthetic_curated"
"122","LEGAL","Notice","All notices must be delivered in writing to the registered address of each party.","सभी सूचनाएँ प्रत्येक पक्ष के पंजीकृत पते पर लिखित रूप में भेजी जानी चाहिए।","synthetic_curated"
"123","LEGAL","Notice","All notices must be delivered in writing to the registered address of each party.","सभी सूचनाएँ प्रत्येक पक्ष के पंजीकृत पते पर लिखित रूप में भेजी जानी चाहिए।","synthetic_curated"
"124","LEGAL","Notice","All notices must be delivered in writing to the registered address of each party.","सभी सूचनाएँ प्रत्येक पक्ष के पंजीकृत पते पर लिखित रूप में भेजी जानी चाहिए।","synthetic_curated"
"125","LEGAL","Notice","All notices must be delivered in writing to the registered address of each party.","सभी सूचनाएँ प्रत्येक पक्ष के पंजीकृत पते पर लिखित रूप में भेजी जानी चाहिए।","synthetic_curated"
"126","LEGAL","Confidentiality","Each party must protect confidential information and use it only for authorised purposes.","प्रत्येक पक्ष को गोपनीय जानकारी की रक्षा करनी होगी और उसका उपयोग केवल अधिकृत उद्देश्यों के लिए करना होगा।","synthetic_curated"
"127","LEGAL","Confidentiality","Each party must protect confidential information and use it only for authorised purposes.","प्रत्येक पक्ष को गोपनीय जानकारी की रक्षा करनी होगी और उसका उपयोग केवल अधिकृत उद्देश्यों के लिए करना होगा।","synthetic_curated"
"128","LEGAL","Confidentiality","Each party must protect confidential information and use it only for authorised purposes.","प्रत्येक पक्ष को गोपनीय जानकारी की रक्षा करनी होगी और उसका उपयोग केवल अधिकृत उद्देश्यों के लिए करना होगा।","synthetic_curated"
"129","LEGAL","Confidentiality","Each party must protect confidential information and use it only for authorised purposes.","प्रत्येक पक्ष को गोपनीय जानकारी की रक्षा करनी होगी और उसका उपयोग केवल अधिकृत उद्देश्यों के लिए करना होगा।","synthetic_curated"
"130","LEGAL","Confidentiality","Each party must protect confidential information and use it only for authorised purposes.","प्रत्येक पक्ष को गोपनीय जानकारी की रक्षा करनी होगी और उसका उपयोग केवल अधिकृत उद्देश्यों के लिए करना होगा।","synthetic_curated"
"131","LEGAL","Data Protection","Personal data may be processed only as permitted by applicable law.","व्यक्तिगत डेटा का प्रसंस्करण केवल लागू कानून द्वारा अनुमत सीमा तक किया जा सकता है।","synthetic_curated"
"132","LEGAL","Data Protection","Personal data may be processed only as permitted by applicable law.","व्यक्तिगत डेटा का प्रसंस्करण केवल लागू कानून द्वारा अनुमत सीमा तक किया जा सकता है।","synthetic_curated"
"133","LEGAL","Data Protection","Personal data may be processed only as permitted by applicable law.","व्यक्तिगत डेटा का प्रसंस्करण केवल लागू कानून द्वारा अनुमत सीमा तक किया जा सकता है।","synthetic_curated"
"134","LEGAL","Data Protection","Personal data may be processed only as permitted by applicable law.","व्यक्तिगत डेटा का प्रसंस्करण केवल लागू कानून द्वारा अनुमत सीमा तक किया जा सकता है।","synthetic_curated"
"135","LEGAL","Data Protection","Personal data may be processed only as permitted by applicable law.","व्यक्तिगत डेटा का प्रसंस्करण केवल लागू कानून द्वारा अनुमत सीमा तक किया जा सकता है।","synthetic_curated"
"136","LEGAL","Material Breach","A material breach must be remedied within 30 days after written notice.","लिखित सूचना मिलने के 30 दिनों के भीतर गंभीर उल्लंघन का निवारण करना होगा।","synthetic_curated"
"137","LEGAL","Material Breach","A material breach must be remedied within 15 days after written notice.","लिखित सूचना मिलने के 15 दिनों के भीतर गंभीर उल्लंघन का निवारण करना होगा।","synthetic_curated"
"138","LEGAL","Material Breach","A material breach must be remedied within 45 days after written notice.","लिखित सूचना मिलने के 45 दिनों के भीतर गंभीर उल्लंघन का निवारण करना होगा।","synthetic_curated"
"139","LEGAL","Material Breach","A material breach must be remedied within 60 days after written notice.","लिखित सूचना मिलने के 60 दिनों के भीतर गंभीर उल्लंघन का निवारण करना होगा।","synthetic_curated"
"140","LEGAL","Material Breach","A material breach must be remedied within 21 days after written notice.","लिखित सूचना मिलने के 21 दिनों के भीतर गंभीर उल्लंघन का निवारण करना होगा।","synthetic_curated"
"141","LEGAL","Dispute Resolution","The parties must first attempt to resolve disputes through good-faith discussions.","पक्षों को पहले सद्भावपूर्ण बातचीत के माध्यम से विवाद सुलझाने का प्रयास करना होगा।","synthetic_curated"
"142","LEGAL","Dispute Resolution","The parties must first attempt to resolve disputes through good-faith discussions.","पक्षों को पहले सद्भावपूर्ण बातचीत के माध्यम से विवाद सुलझाने का प्रयास करना होगा।","synthetic_curated"
"143","LEGAL","Dispute Resolution","The parties must first attempt to resolve disputes through good-faith discussions.","पक्षों को पहले सद्भावपूर्ण बातचीत के माध्यम से विवाद सुलझाने का प्रयास करना होगा।","synthetic_curated"
"144","LEGAL","Dispute Resolution","The parties must first attempt to resolve disputes through good-faith discussions.","पक्षों को पहले सद्भावपूर्ण बातचीत के माध्यम से विवाद सुलझाने का प्रयास करना होगा।","synthetic_curated"
"145","LEGAL","Dispute Resolution","The parties must first attempt to resolve disputes through good-faith discussions.","पक्षों को पहले सद्भावपूर्ण बातचीत के माध्यम से विवाद सुलझाने का प्रयास करना होगा।","synthetic_curated"
"146","LEGAL","Force Majeure","A party is not liable for delay caused by events beyond its reasonable control.","किसी पक्ष के उचित नियंत्रण से बाहर की घटनाओं के कारण हुई देरी के लिए वह उत्तरदायी नहीं होगा।","synthetic_curated"
"147","LEGAL","Force Majeure","A party is not liable for delay caused by events beyond its reasonable control.","किसी पक्ष के उचित नियंत्रण से बाहर की घटनाओं के कारण हुई देरी के लिए वह उत्तरदायी नहीं होगा।","synthetic_curated"
"148","LEGAL","Force Majeure","A party is not liable for delay caused by events beyond its reasonable control.","किसी पक्ष के उचित नियंत्रण से बाहर की घटनाओं के कारण हुई देरी के लिए वह उत्तरदायी नहीं होगा।","synthetic_curated"
"149","LEGAL","Force Majeure","A party is not liable for delay caused by events beyond its reasonable control.","किसी पक्ष के उचित नियंत्रण से बाहर की घटनाओं के कारण हुई देरी के लिए वह उत्तरदायी नहीं होगा।","synthetic_curated"
"150","LEGAL","Force Majeure","A party is not liable for delay caused by events beyond its reasonable control.","किसी पक्ष के उचित नियंत्रण से बाहर की घटनाओं के कारण हुई देरी के लिए वह उत्तरदायी नहीं होगा।","synthetic_curated"
"151","LEGAL","Rent","The monthly rent is INR 28,000 and is payable on or before the fifth day of each month.","मासिक किराया 28,000 रुपये है और इसका भुगतान प्रत्येक महीने की पाँचवीं तारीख को या उससे पहले करना होगा।","synthetic_curated"
"152","LEGAL","Rent","The monthly rent is INR 32,000 and is payable on or before the fifth day of each month.","मासिक किराया 32,000 रुपये है और इसका भुगतान प्रत्येक महीने की पाँचवीं तारीख को या उससे पहले करना होगा।","synthetic_curated"
"153","LEGAL","Rent","The monthly rent is INR 24,000 and is payable on or before the fifth day of each month.","मासिक किराया 24,000 रुपये है और इसका भुगतान प्रत्येक महीने की पाँचवीं तारीख को या उससे पहले करना होगा।","synthetic_curated"
"154","LEGAL","Rent","The monthly rent is INR 35,000 and is payable on or before the fifth day of each month.","मासिक किराया 35,000 रुपये है और इसका भुगतान प्रत्येक महीने की पाँचवीं तारीख को या उससे पहले करना होगा।","synthetic_curated"
"155","LEGAL","Rent","The monthly rent is INR 21,000 and is payable on or before the fifth day of each month.","मासिक किराया 21,000 रुपये है और इसका भुगतान प्रत्येक महीने की पाँचवीं तारीख को या उससे पहले करना होगा।","synthetic_curated"
"156","LEGAL","Security Deposit","The tenant must pay a refundable security deposit of INR 5,00,000.","किरायेदार को 5,00,000 रुपये की वापसी योग्य सुरक्षा जमा राशि देनी होगी।","synthetic_curated"
"157","LEGAL","Security Deposit","The tenant must pay a refundable security deposit of INR 7,50,000.","किरायेदार को 7,50,000 रुपये की वापसी योग्य सुरक्षा जमा राशि देनी होगी।","synthetic_curated"
"158","LEGAL","Security Deposit","The tenant must pay a refundable security deposit of INR 3,25,000.","किरायेदार को 3,25,000 रुपये की वापसी योग्य सुरक्षा जमा राशि देनी होगी।","synthetic_curated"
"159","LEGAL","Security Deposit","The tenant must pay a refundable security deposit of INR 10,00,000.","किरायेदार को 10,00,000 रुपये की वापसी योग्य सुरक्षा जमा राशि देनी होगी।","synthetic_curated"
"160","LEGAL","Security Deposit","The tenant must pay a refundable security deposit of INR 6,00,000.","किरायेदार को 6,00,000 रुपये की वापसी योग्य सुरक्षा जमा राशि देनी होगी।","synthetic_curated"
"161","LEGAL","Permitted Use","The premises may be used only as a private residence by Aarav Mehta.","परिसर का उपयोग आरव मेहता द्वारा केवल निजी आवास के रूप में किया जा सकता है।","synthetic_curated"
"162","LEGAL","Permitted Use","The premises may be used only as a private residence by Priya Kapoor.","परिसर का उपयोग प्रिया कपूर द्वारा केवल निजी आवास के रूप में किया जा सकता है।","synthetic_curated"
"163","LEGAL","Permitted Use","The premises may be used only as a private residence by Rohan Sharma.","परिसर का उपयोग रोहन शर्मा द्वारा केवल निजी आवास के रूप में किया जा सकता है।","synthetic_curated"
"164","LEGAL","Permitted Use","The premises may be used only as a private residence by Neha Iyer.","परिसर का उपयोग नेहा अय्यर द्वारा केवल निजी आवास के रूप में किया जा सकता है।","synthetic_curated"
"165","LEGAL","Permitted Use","The premises may be used only as a private residence by Kabir Singh.","परिसर का उपयोग कबीर सिंह द्वारा केवल निजी आवास के रूप में किया जा सकता है।","synthetic_curated"
"166","LEGAL","Subletting","Subletting or commercial use requires prior written consent from the landlord.","उप-किराए या व्यावसायिक उपयोग के लिए मकान मालिक की पूर्व लिखित सहमति आवश्यक है।","synthetic_curated"
"167","LEGAL","Subletting","Subletting or commercial use requires prior written consent from the landlord.","उप-किराए या व्यावसायिक उपयोग के लिए मकान मालिक की पूर्व लिखित सहमति आवश्यक है।","synthetic_curated"
"168","LEGAL","Subletting","Subletting or commercial use requires prior written consent from the landlord.","उप-किराए या व्यावसायिक उपयोग के लिए मकान मालिक की पूर्व लिखित सहमति आवश्यक है।","synthetic_curated"
"169","LEGAL","Subletting","Subletting or commercial use requires prior written consent from the landlord.","उप-किराए या व्यावसायिक उपयोग के लिए मकान मालिक की पूर्व लिखित सहमति आवश्यक है।","synthetic_curated"
"170","LEGAL","Subletting","Subletting or commercial use requires prior written consent from the landlord.","उप-किराए या व्यावसायिक उपयोग के लिए मकान मालिक की पूर्व लिखित सहमति आवश्यक है।","synthetic_curated"
"171","LEGAL","Maintenance","The tenant is responsible for electricity, internet and routine usage charges.","किरायेदार बिजली, इंटरनेट और नियमित उपयोग शुल्क के लिए जिम्मेदार है।","synthetic_curated"
"172","LEGAL","Maintenance","The tenant is responsible for electricity, internet and routine usage charges.","किरायेदार बिजली, इंटरनेट और नियमित उपयोग शुल्क के लिए जिम्मेदार है।","synthetic_curated"
"173","LEGAL","Maintenance","The tenant is responsible for electricity, internet and routine usage charges.","किरायेदार बिजली, इंटरनेट और नियमित उपयोग शुल्क के लिए जिम्मेदार है।","synthetic_curated"
"174","LEGAL","Maintenance","The tenant is responsible for electricity, internet and routine usage charges.","किरायेदार बिजली, इंटरनेट और नियमित उपयोग शुल्क के लिए जिम्मेदार है।","synthetic_curated"
"175","LEGAL","Maintenance","The tenant is responsible for electricity, internet and routine usage charges.","किरायेदार बिजली, इंटरनेट और नियमित उपयोग शुल्क के लिए जिम्मेदार है।","synthetic_curated"
"176","LEGAL","Inspection","The landlord may inspect the premises after giving 30 hours prior notice, except in an emergency.","आपात स्थिति को छोड़कर मकान मालिक 30 घंटे पहले सूचना देकर परिसर का निरीक्षण कर सकता है।","synthetic_curated"
"177","LEGAL","Inspection","The landlord may inspect the premises after giving 15 hours prior notice, except in an emergency.","आपात स्थिति को छोड़कर मकान मालिक 15 घंटे पहले सूचना देकर परिसर का निरीक्षण कर सकता है।","synthetic_curated"
"178","LEGAL","Inspection","The landlord may inspect the premises after giving 45 hours prior notice, except in an emergency.","आपात स्थिति को छोड़कर मकान मालिक 45 घंटे पहले सूचना देकर परिसर का निरीक्षण कर सकता है।","synthetic_curated"
"179","LEGAL","Inspection","The landlord may inspect the premises after giving 60 hours prior notice, except in an emergency.","आपात स्थिति को छोड़कर मकान मालिक 60 घंटे पहले सूचना देकर परिसर का निरीक्षण कर सकता है।","synthetic_curated"
"180","LEGAL","Inspection","The landlord may inspect the premises after giving 21 hours prior notice, except in an emergency.","आपात स्थिति को छोड़कर मकान मालिक 21 घंटे पहले सूचना देकर परिसर का निरीक्षण कर सकता है।","synthetic_curated"
"181","LEGAL","Employment","Aarav Mehta is appointed as a document operations analyst by Sunrise Finance Limited.","आरव मेहता को सनराइज फाइनेंस लिमिटेड द्वारा दस्तावेज़ संचालन विश्लेषक के पद पर नियुक्त किया जाता है।","synthetic_curated"
"182","LEGAL","Employment","Priya Kapoor is appointed as a document operations analyst by Civic Bank Limited.","प्रिया कपूर को सिविक बैंक लिमिटेड द्वारा दस्तावेज़ संचालन विश्लेषक के पद पर नियुक्त किया जाता है।","synthetic_curated"
"183","LEGAL","Employment","Rohan Sharma is appointed as a document operations analyst by National Credit Services.","रोहन शर्मा को नेशनल क्रेडिट सर्विसेज द्वारा दस्तावेज़ संचालन विश्लेषक के पद पर नियुक्त किया जाता है।","synthetic_curated"
"184","LEGAL","Employment","Neha Iyer is appointed as a document operations analyst by Reliable Capital Private Limited.","नेहा अय्यर को रिलायबल कैपिटल प्राइवेट लिमिटेड द्वारा दस्तावेज़ संचालन विश्लेषक के पद पर नियुक्त किया जाता है।","synthetic_curated"
"185","LEGAL","Employment","Kabir Singh is appointed as a document operations analyst by Community Lending Corporation.","कबीर सिंह को कम्युनिटी लेंडिंग कॉरपोरेशन द्वारा दस्तावेज़ संचालन विश्लेषक के पद पर नियुक्त किया जाता है।","synthetic_curated"
"186","LEGAL","Duties","The employee must perform assigned duties with reasonable skill, care and diligence.","कर्मचारी को सौंपे गए कार्य उचित कौशल, सावधानी और परिश्रम से करने होंगे।","synthetic_curated"
"187","LEGAL","Duties","The employee must perform assigned duties with reasonable skill, care and diligence.","कर्मचारी को सौंपे गए कार्य उचित कौशल, सावधानी और परिश्रम से करने होंगे।","synthetic_curated"
"188","LEGAL","Duties","The employee must perform assigned duties with reasonable skill, care and diligence.","कर्मचारी को सौंपे गए कार्य उचित कौशल, सावधानी और परिश्रम से करने होंगे।","synthetic_curated"
"189","LEGAL","Duties","The employee must perform assigned duties with reasonable skill, care and diligence.","कर्मचारी को सौंपे गए कार्य उचित कौशल, सावधानी और परिश्रम से करने होंगे।","synthetic_curated"
"190","LEGAL","Duties","The employee must perform assigned duties with reasonable skill, care and diligence.","कर्मचारी को सौंपे गए कार्य उचित कौशल, सावधानी और परिश्रम से करने होंगे।","synthetic_curated"
"191","LEGAL","Intellectual Property","Work product created during assigned duties belongs to the employer where permitted by law.","सौंपे गए कार्यों के दौरान तैयार कार्य-उत्पाद कानून द्वारा अनुमत सीमा तक नियोक्ता का होगा।","synthetic_curated"
"192","LEGAL","Intellectual Property","Work product created during assigned duties belongs to the employer where permitted by law.","सौंपे गए कार्यों के दौरान तैयार कार्य-उत्पाद कानून द्वारा अनुमत सीमा तक नियोक्ता का होगा।","synthetic_curated"
"193","LEGAL","Intellectual Property","Work product created during assigned duties belongs to the employer where permitted by law.","सौंपे गए कार्यों के दौरान तैयार कार्य-उत्पाद कानून द्वारा अनुमत सीमा तक नियोक्ता का होगा।","synthetic_curated"
"194","LEGAL","Intellectual Property","Work product created during assigned duties belongs to the employer where permitted by law.","सौंपे गए कार्यों के दौरान तैयार कार्य-उत्पाद कानून द्वारा अनुमत सीमा तक नियोक्ता का होगा।","synthetic_curated"
"195","LEGAL","Intellectual Property","Work product created during assigned duties belongs to the employer where permitted by law.","सौंपे गए कार्यों के दौरान तैयार कार्य-उत्पाद कानून द्वारा अनुमत सीमा तक नियोक्ता का होगा।","synthetic_curated"
"196","LEGAL","Remedies","Aarav Mehta may use any regulator, ombudsman, court or remedy available under applicable law.","आरव मेहता लागू कानून के अंतर्गत उपलब्ध नियामक, लोकपाल, न्यायालय या अन्य उपाय का उपयोग कर सकते हैं।","synthetic_curated"
"197","LEGAL","Remedies","Priya Kapoor may use any regulator, ombudsman, court or remedy available under applicable law.","प्रिया कपूर लागू कानून के अंतर्गत उपलब्ध नियामक, लोकपाल, न्यायालय या अन्य उपाय का उपयोग कर सकते हैं।","synthetic_curated"
"198","LEGAL","Remedies","Rohan Sharma may use any regulator, ombudsman, court or remedy available under applicable law.","रोहन शर्मा लागू कानून के अंतर्गत उपलब्ध नियामक, लोकपाल, न्यायालय या अन्य उपाय का उपयोग कर सकते हैं।","synthetic_curated"
"199","LEGAL","Remedies","Neha Iyer may use any regulator, ombudsman, court or remedy available under applicable law.","नेहा अय्यर लागू कानून के अंतर्गत उपलब्ध नियामक, लोकपाल, न्यायालय या अन्य उपाय का उपयोग कर सकते हैं।","synthetic_curated"
"200","LEGAL","Remedies","Kabir Singh may use any regulator, ombudsman, court or remedy available under applicable law.","कबीर सिंह लागू कानून के अंतर्गत उपलब्ध नियामक, लोकपाल, न्यायालय या अन्य उपाय का उपयोग कर सकते हैं।","synthetic_curated"
